Unnamed: 0,name,item_name,quantity,station,train_name,time,timestamp,status
0.0,ravi,dosa,2.0,nagercoil junction,gurudev sf special,12:01,pm,ordered
1.0,kiran,idly,3.0,coimbatore,MEMU Express special,1:00,pm,ordered
2.0,srujan,upma,1.0,dhanbad junction,dhanbad special,12:30,pm,ordered
3.0,sri,dosa,4.0,thiruvanathapuram cental, kerala sepcial,12:30,pm,ordered
4.0,nidhi,idly,3.0,chennai central,charminar Express,10:53,pm,ordered
5.0,ram,upma,2.0,new delhi, kerala sepcial,11:05,am,ordered
6.0,dhilkar,vada,2.0,MGR chennai central, coromandael SF special,10:53,am,ordered
7.0,saran,dosa,3.0,nelloare south zone, narayanadri Expre,12:01,pm,ordered
8.0,yash,upma,1.0,tirupati main, tiropati special fare special,12:04,pm,ordered
9.0,kc,dosa,2.0,nellore,kerala express,8:30,pm,ordered
10.0,chinni,idly,3.0,kadapa,djhfdh,12:00,pm,ordered
11.0,radha,dosa,2.0,coimbatore main,kerala express,8:40,pm,ordered
,,,,,,,,cancle
